Original Input	GPT-4	GPT-4-Agent	Human Feedback
The first heart sound coincides with:  A) End of ventricular systole. B) Start of atrial systole. C) Opening of the aortic valve. D) Closing atrio-ventricular valves.	最初の心音は次のどれと一致しますか：  A) 心室収縮の終わり。 B) 心房収縮の開始。 C) 大動脈弁の開放。 D) 房室弁の閉鎖。	最初の心音が一致するのは次のどれですか：  A) 心室収縮終末、 B) 心房収縮開始、 C) 大動脈弁開放、 D) 房室弁閉鎖。	心音のⅠ音に一致するのはどれですか。 A.心室収縮末期
Stimulation of carotid baroreceptors induces:  A) Bradycardia B) Vasoconstriction. C) Increase in blood pressure. D) Increase in cardiac minute volume.	頸動脈圧受容体の刺激は以下を引き起こす：  A) 徐脈 B) 血管収縮 C) 血圧の上昇 D) 心拍出量の増加	頸動脈圧受容体の刺激が引き起こすものは以下の通りです：  1. 徐脈。 2. 血管収縮。 3. 血圧上昇。 4. 心拍出量。	頸動脈圧受容器の刺激により起こるのはどれですか。
Sympathetic stimulation inhibits the:  A) Heart rate B) Digestion. C) Production and release of glucose. D) Sweating	交感神経刺激は以下を抑制します：  A) 心拍数 B) 消化 C) グルコースの生成と放出 D) 発汗	交感神経刺激は以下を抑制する：  A) 心拍数 B) 消化 C) グルコースの産生および放出 D) 発汗	交感神経の刺激により抑制されるのはどれですか。
Stimulation of baroreceptors increases the:  A) Adrenaline release. B) Vagal stimulation. C) Release of DNA D) Vasoconstriction.	バロレセプターの刺激は以下を増加させる：  A) アドレナリンの放出。 B) 迷走神経の刺激。 C) DNAの放出。 D) 血管収縮。	バロレセプターの刺激は以下を増加させる：  A) アドレナリンの分泌。 B) 迷走神経の活動。 C) DNAの分泌。 D) 血管の収縮。	圧受容器の刺激により増加するのはどれですか。
The arterial pulse wave:  A) It cushions and disappears in the capillaries. B) Causes changes in pressure in the veins. C) It spreads at the same speed as blood. D) It is directly proportional to arterial compliance.	動脈の脈波：  A) 毛細血管で緩衝され消失する。 B) 静脈の圧力変化を引き起こす。 C) 血液と同じ速度で広がる。 D) 動脈のコンプライアンスに正比例する。	動脈の脈波：  A) 毛細血管で緩衝され消失する。 B) 静脈内の圧力変化を引き起こす。 C) 血液の流れと同じ速度で広がる。 D) 動脈のコンプライアンスに比例する。	動脈波は Full: 動脈波について該当する/正しいのはどれですか。
The stimulation of the carotid bodies:  A) Decreases the pH in arterial blood. B) Decreases PCO2 C) Increases the concentration of bicarbonate in arterial blood. D) It decreases the PO2 in arterial blood.	頸動脈小体の刺激：  A) 動脈血のpHを低下させる。 B) PCO2を低下させる。 C) 動脈血中の重炭酸塩濃度を増加させる。 D) 動脈血中のPO2を低下させる。	頸動脈小体の刺激により：  A) 動脈血のpHを低下させる。 B) PCO2を低下させる。 C) 動脈血中の重炭酸塩濃度を上昇させる。 D) 動脈血のPO2を低下させる。	頸動脈小体の刺激により（どんな変化が起こりますか） 頸動脈洞を刺激した後（どのような変化が起こったのか）を括弧内に記入するのが最善です。これを選択肢に直接接続しなくても大丈夫です。 低下させる→下げる 上昇させる/増加させる→上げる 重炭酸塩濃度→重炭酸濃度 動脈血中→動脈血  即可
It can NOT be measured directly by spirometry, the volume:  A) Current. B) Of inspiratory reserve. C) Of expiratory reserve. D) Residual.	スパイロメトリーでは直接測定できない体積：  A) 現在の。 B) 吸気予備量。 C) 呼気予備量。 D) 残気量。	スパイロメトリーでは直接測定できない容量は次のうちどれですか：  A）一回換気量 B）予備吸気量 C）予備呼気量 D）残気量	肺機能検査（スパイロメトリー：ok）で直接測定できない容量はどれですか。 a.current -> 現在の呼吸量; or Current volume -> 一回換気量
Type II alveolar cells:  A) They cover 95% of the alveolar epithelium. B) They form the surface for gaseous exchange. C) They present granules with heparin and histamine. D) They secrete surfactant agent.	II型肺胞細胞：  A) 肺胞上皮の95%を覆う。 B) ガス交換の表面を形成する。 C) ヘパリンとヒスタミンを含む顆粒を持つ。 D) サーファクタントを分泌する。	II型肺胞細胞：  A) 肺胞上皮の95%を覆う。 B) ガス交換の表面を形成する。 C) ヘパリンとヒスタミンを含む顆粒を有する。 D) サーファクタントを分泌する。	II型肺胞細胞→II型肺胞上皮細胞
During inspiration the pleural pressure:  A) Same as atmospheric. B) Same as transpulmonary. C) Positive. D) Negative.	吸気時の胸膜圧：  A) 大気圧と同じ。 B) 肺胞内圧と同じ。 C) 正圧。 D) 負圧。	吸息時の胸腔内圧は：  Ａ） 大気圧と同じ。 Ｂ） 経肺圧と同じ。 Ｃ） 正圧。 Ｄ） 負圧。	吸気時の胸膜内圧は（どれですか。） c.正圧→陽圧 d.負圧→陰圧
Renal filtration of H2O occurs in the glomerular capillaries and their reabsorption in the peritubular, because the former have greater:  A) Permeability. B) Hydrostatic pressure C) Colloidosmotic pressure. D) Diameter.	H2Oの腎ろ過は糸球体毛細血管で行われ、再吸収は尿細管周囲毛細血管で行われます。前者は次の理由でより大きな：  A) 透過性。 B) 静水圧。 C) 膠質浸透圧。 D) 直径。	H2Oの腎濾過は糸球体の毛細血管で行われ、再吸収は尿細管周囲の毛細血管で行われます。これは、前者が以下の特性をより多く持っているためです：  A) 透過性: B) 静水圧: C) 膠質浸透圧: D) 直径:	これは、前者が次のどのより強い特性を持っているためですか。
Glucose appears in urine:  A) Forever. B) When the amount of filtered glucose exceeds its maximum tubular transport. C) When it is filtered and actively segregated. D) In diabetes insipidus.	グルコースが尿に現れるのは：  A) 永遠に。 B) ろ過されたグルコースの量が最大管状輸送を超えたとき。 C) ろ過されて積極的に分離されたとき。 D) 尿崩症のとき。	尿中にグルコースが現れるのは：  A) 永続的に。 B) 濾過されたグルコースの量が最大尿細管輸送量を超えたとき。 C) 濾過されて能動的に再吸収されたとき。 D) 尿崩症の場合。	尿にグルコースが出る場合はどれですか。  a. いつでも 任何时候 ->持続的に b. 濾過されたグルコースの量が最大尿細管輸送量を超えたとき→尿細管最大輸送量 c.  濾過されて能動的に分離されたとき。